id,order_id,request_data,count,created_at,updated_at,created_date,some_float
1,1,a,1,2014-08-29 10:55:06 UTC,08/22/2014 18:38:11,12/24/2014,1.3
2,1,b,1,2014-08-29 10:55:06 UTC,08/23/2014 18:38:11,12/25/2014,2.3
3,1,c,2,2014-08-29 10:55:06 UTC,08/24/2014 18:38:11,12/26/2014,3.3
4,1,d,2,2014-08-29 10:55:06 UTC,08/25/2014 18:38:11,12/27/2014,4.3
5,2,e,3,2014-08-29 10:55:06 UTC,08/26/2014 18:38:11,12/28/2014,5.3
6,2,f,3,2014-08-29 10:55:06 UTC,08/27/2014 18:38:11,12/29/2014,6.3
7,2,g,3,2014-08-29 10:55:06 UTC,08/28/2014 18:38:11,12/30/2014,7.3
8,2,h,4,2014-08-29 10:55:06 UTC,08/29/2014 18:38:11,12/31/2014,8.3
9,3,i,4,2014-08-29 10:55:06 UTC,08/30/2014 18:38:11,01/01/2015,9.3
10,3,j,2,2014-08-29 10:55:06 UTC,08/31/2014 18:38:11,01/02/2015,10.3
11,3,k,2,2014-08-29 10:55:06 UTC,09/01/2014 18:38:11,01/03/2015,11.3
12,3,l,2,2014-08-29 10:55:06 UTC,09/02/2014 18:38:11,01/04/2015,12.3
13,4,m,2,2014-08-29 10:55:06 UTC,09/03/2014 18:38:11,01/05/2015,13.3
14,4,n,1,2014-08-29 10:55:06 UTC,09/04/2014 18:38:11,01/06/2015,14.3
15,4,o,1,2014-08-29 10:55:06 UTC,09/05/2014 18:38:11,01/07/2015,15.3
16,4,p,2,2014-08-29 10:55:06 UTC,09/06/2014 18:38:11,01/08/2015,16.3
17,5,q,2,2014-08-29 10:55:06 UTC,09/07/2014 18:38:11,01/09/2015,17.3
18,5,r,5,2014-08-29 10:55:06 UTC,09/08/2014 18:38:11,01/10/2015,18.3
19,5,s,5,2014-08-29 10:55:06 UTC,09/09/2014 18:38:11,01/11/2015,19.3
20,5,t,5,2014-08-29 10:55:06 UTC,09/10/2014 18:38:11,01/12/2015,20.3
21,6,u,3,2014-08-29 10:55:06 UTC,09/11/2014 18:38:11,01/13/2015,21.3
22,6,v,3,2014-08-29 10:55:06 UTC,09/12/2014 18:38:11,01/14/2015,22.3
23,6,w,3,2014-08-29 10:55:06 UTC,09/13/2014 18:38:11,01/15/2015,23.3
24,6,x,3,2014-08-29 10:55:06 UTC,09/14/2014 18:38:11,01/16/2015,24.3
25,6,y,2,2014-08-29 10:55:06 UTC,09/15/2014 18:38:11,01/17/2015,25.3
26,7,z,2,2014-08-29 10:55:06 UTC,09/16/2014 18:38:11,01/18/2015,26.3
27,7,a,2,2014-08-29 10:55:06 UTC,09/17/2014 18:38:11,01/19/2015,27.3
28,7,b,2,2014-08-29 10:55:06 UTC,09/18/2014 18:38:11,01/20/2015,28.3
29,7,c,2,2014-08-29 10:55:06 UTC,09/19/2014 18:38:11,01/21/2015,29.3
30,8,d,4,2014-08-29 10:55:06 UTC,09/20/2014 18:38:11,01/22/2015,30.3
31,8,e,4,2014-08-29 10:55:06 UTC,09/21/2014 18:38:11,01/23/2015,31.3
32,8,f,4,2014-08-29 10:55:06 UTC,09/22/2014 18:38:11,01/24/2015,32.3
33,8,g,1,2014-08-29 10:55:06 UTC,09/23/2014 18:38:11,01/25/2015,33.3
34,9,h,1,2014-08-29 10:55:06 UTC,09/24/2014 18:38:11,01/26/2015,34.3
35,9,i,1,2014-08-29 10:55:06 UTC,09/25/2014 18:38:11,01/27/2015,35.3
36,9,j,1,2014-08-29 10:55:06 UTC,09/26/2014 18:38:11,01/28/2015,36.3
37,9,k,1,2014-08-29 10:55:06 UTC,09/27/2014 18:38:11,01/29/2015,37.3
38,10,l,1,2014-08-29 10:55:06 UTC,09/28/2014 18:38:11,01/30/2015,38.3
39,10,m,1,2014-08-29 10:55:06 UTC,09/29/2014 18:38:11,01/31/2015,39.3
40,10,n,1,2014-08-29 10:55:06 UTC,09/30/2014 18:38:11,02/01/2015,40.3
